{"out/pickle/temp\\1721461234.5394099.pickle": 67.26808166503906, "out/pickle/temp\\1721461261.5497298.pickle": 67.25772094726562, "out/pickle/temp\\1721461278.6443763.pickle": 67.09526062011719, "out/pickle/temp\\1721461308.0087612.pickle": 67.25753021240234, "out/pickle/temp\\1721461328.0485914.pickle": 67.2656478881836}