{"out/pickle/temp\\1721538463.781261.pickle": 67.26963806152344, "out/pickle/temp\\1721538856.3311663.pickle": 0.15345624089241028, "out/pickle/temp\\1721538905.9883363.pickle": 0.3773522973060608, "out/pickle/temp\\1721538937.9351726.pickle": 0.6287244558334351, "out/pickle/temp\\1721538980.1018636.pickle": 0.5212554931640625, "out/pickle/temp\\1721539013.5092542.pickle": 1.3520716428756714, "out/pickle/temp\\1721539057.8445647.pickle": 0.24775545299053192, "out/pickle/temp\\1721539116.611066.pickle": 1.3036242723464966, "out/pickle/temp\\1721539166.9737206.pickle": 0.6937751173973083, "out/pickle/temp\\1721539216.7464862.pickle": 0.4502512812614441, "out/pickle/temp\\1721539271.4382522.pickle": 3.005308151245117, "out/pickle/temp\\1721541185.9641984.pickle": 17.504653930664062, "out/pickle/temp\\1721543293.1177301.pickle": 24.049888610839844, "out/pickle/temp\\1721545446.4715805.pickle": 21.286367416381836, "out/pickle/temp\\1721547392.9189043.pickle": 19.91874885559082, "out/pickle/temp\\1721549208.565894.pickle": 19.205005645751953, "out/pickle/temp\\1721550794.3619823.pickle": 15.138171195983887, "out/pickle/temp\\1721553275.7193327.pickle": 12.077954292297363, "out/pickle/temp\\1721555775.370258.pickle": 6.486630439758301, "out/pickle/temp\\1721558504.5531316.pickle": 7.551235675811768, "out/pickle/temp\\1721560961.0097964.pickle": 13.89426040649414, "out/pickle/temp\\1721563395.6745327.pickle": 21.99078941345215, "out/pickle/temp\\1721567857.248099.pickle": 13.979371070861816, "out/pickle/temp\\1721572302.9516022.pickle": 12.475090026855469, "out/pickle/temp\\1721576129.7990234.pickle": 16.698637008666992}