{"out/pickle/temp\\1721518450.418704.pickle": 67.27043914794922, "out/pickle/temp\\1721518490.7771454.pickle": 67.27220153808594, "out/pickle/temp\\1721518699.4552588.pickle": 67.24852752685547, "out/pickle/temp\\1721518726.0583513.pickle": 4.745137691497803, "out/pickle/temp\\1721518750.2748978.pickle": 1.6738560199737549, "out/pickle/temp\\1721518805.2752717.pickle": 0.4067881107330322, "out/pickle/temp\\1721518911.1171315.pickle": 67.2702865600586}