{"pickle\\1721169771.5208695.pickle": 10.054150581359863, "pickle\\1721170998.3717735.pickle": 5.549739837646484, "pickle\\1721172382.1935809.pickle": 10.770722389221191, "pickle\\1721173074.827046.pickle": 9.110300064086914, "pickle\\1721174402.6388302.pickle": 7.849703788757324, "pickle\\1721175043.7709053.pickle": 8.00910758972168, "pickle\\1721176070.6351829.pickle": 5.214625358581543, "pickle\\1721176784.6235187.pickle": 4.881215572357178}